evidence_id,record_type,record_id,field_name,source_id,source_url,observed_at,snippet,selector,confidence,content_sha256,parser_version,attribution
9510ba2e-7ced-5b85-80df-9d3a07782d62,company,0d6b055e-0eaf-58c7-9f00-810b23b92711,record,remotive,https://remotive.com/remote-jobs/software-development/senior-independent-ai-engineer-architect-1919266,2026-08-28 21:38:32.023543+05:45,A.Team,,0.75,,0.1.0,Remotive — link back to the Remotive listing; feed is delayed by 24 hours.
df6aefe1-2de2-5533-aca5-71c8d875e3d3,company,0d6b055e-0eaf-58c7-9f00-810b23b92711,record,remotive,https://remotive.com/remote-jobs/software-development/senior-independent-software-developer-1919265,2026-08-28 21:38:32.023543+05:45,A.Team,,0.75,,0.1.0,Remotive — link back to the Remotive listing; feed is delayed by 24 hours.
56836ed0-a57f-53be-872c-b98002dde9ab,company,102f0387-8159-5aed-87f5-d27581e2f809,record,remoteok,https://remoteOK.com/remote-jobs/remote-project-systems-specialist-dart-1137069,2026-08-28 21:38:35.839926+05:45,Dart,,0.75,,0.1.0,Remote OK — link to the original Remote OK job page.
d029c4c6-b436-5096-8b77-e4e009715632,company,12b5c8b5-bc56-56dd-86a4-7fefc2d93fa0,record,remoteok,https://remoteOK.com/remote-jobs/remote-principal-engineer-the-ai-whistleblower-initiative-1137162,2026-08-28 21:38:35.836927+05:45,The AI Whistleblower Initiative,,0.75,,0.1.0,Remote OK — link to the original Remote OK job page.
b92b7ebd-bf0a-56aa-ad5c-a738641b0c7f,company,13888925-42f4-527a-a5a3-66ed2be42f40,record,remotive,https://remotive.com/remote-jobs/marketing/remote-office-assistant-1680495,2026-08-28 21:38:32.023543+05:45,Coalition Technologies,,0.75,,0.1.0,Remotive — link back to the Remotive listing; feed is delayed by 24 hours.
f8125c11-212d-5817-835d-eed9b85e212c,company,13888925-42f4-527a-a5a3-66ed2be42f40,record,remotive,https://remotive.com/remote-jobs/writing/freelance-copywriter-1749306,2026-08-28 21:38:32.023543+05:45,Coalition Technologies,,0.75,,0.1.0,Remotive — link back to the Remotive listing; feed is delayed by 24 hours.
25ffd971-8af4-506d-8c0a-fd98d6a0531a,company,1c616734-ec8d-5246-a2e9-785f7450cfa2,record,remoteok,https://remoteOK.com/remote-jobs/remote-estimator-brisbane-mcnab-1137047,2026-08-28 21:38:35.839926+05:45,McNab,,0.75,,0.1.0,Remote OK — link to the original Remote OK job page.
8e41ca8c-fae0-5e03-915d-4a983dd49c9c,company,1fb03e9b-e825-5511-91e0-d7a6813ec951,record,remotive,https://remotive.com/remote-jobs/all-others/content-reviewer-english-us-2091105,2026-08-28 21:38:32.023543+05:45,TELUS Digital,,0.75,,0.1.0,Remotive — link back to the Remotive listing; feed is delayed by 24 hours.
a6049234-8f21-5622-b4c2-f16ceb7b1c0d,company,310af10b-9ff0-5d70-ba62-2e18cc66dbca,record,remoteok,https://remoteOK.com/remote-jobs/remote-senior-governance-risk-and-compliance-analyst-rainfocus-1137061,2026-08-28 21:38:35.838926+05:45,RainFocus,,0.75,,0.1.0,Remote OK — link to the original Remote OK job page.
a7eac6da-0c86-570c-8d88-2c0b2202f1ab,company,328d59f1-8bf9-5dc7-a68b-68cada16a06b,record,remoteok,https://remoteOK.com/remote-jobs/remote-quantity-surveyor-edspired-tech-1137098,2026-08-28 21:38:35.838926+05:45,Edspired.Tech,,0.75,,0.1.0,Remote OK — link to the original Remote OK job page.
2ce49437-f191-559c-9f4f-8bfdea2f371a,company,33b8eb5a-61eb-5fc7-a354-fc5f7bbda1f0,record,remotive,https://remotive.com/remote-jobs/sales/sales-jedi-2091088,2026-08-28 21:38:32.023543+05:45,Creative Force,,0.75,,0.1.0,Remotive — link back to the Remotive listing; feed is delayed by 24 hours.
ec8beff6-bad6-532d-81fb-9970d2f6cba2,company,33b8eb5a-61eb-5fc7-a354-fc5f7bbda1f0,record,remotive,https://remotive.com/remote-jobs/customer-service/saas-product-support-jedi-2091087,2026-08-28 21:38:32.023543+05:45,Creative Force,,0.75,,0.1.0,Remotive — link back to the Remotive listing; feed is delayed by 24 hours.
a3323589-57fc-5881-b78b-2384a96e0a29,company,3565e799-7906-5f75-b737-7df95f9b5d19,record,remoteok,https://remoteOK.com/remote-jobs/remote-ap-accountant-bosta-1137124,2026-08-28 21:38:35.837926+05:45,Bosta,,0.75,,0.1.0,Remote OK — link to the original Remote OK job page.
d362d711-80c6-5d60-a26b-a5520ea5035b,company,39bd377b-ed6a-5fd6-b1ae-592e4a1689c4,record,remoteok,https://remoteOK.com/remote-jobs/remote-trimmer-canopy-growth-corporation-1136997,2026-08-28 21:38:35.840926+05:45,Canopy Growth Corporation,,0.75,,0.1.0,Remote OK — link to the original Remote OK job page.
6b2e5b5c-6002-591d-bbcb-689933f019e8,company,4fd7e81f-8113-50a4-9593-743decbbfe57,record,remoteok,https://remoteOK.com/remote-jobs/remote-sourcer-private-destinations-royal-caribbean-group-1137172,2026-08-28 21:38:35.836927+05:45,Royal Caribbean Group,,0.75,,0.1.0,Remote OK — link to the original Remote OK job page.
69a1c707-6fa4-50c7-a256-e15cd31f2744,company,522ae1ad-e15f-52f6-a6d1-c01dc061b92f,record,remoteok,https://remoteOK.com/remote-jobs/remote-senior-specialist-global-qms-orca-bio-1137072,2026-08-28 21:38:35.838926+05:45,Orca Bio,,0.75,,0.1.0,Remote OK — link to the original Remote OK job page.
1c601902-2a63-51aa-942d-05b7b487b5d2,company,563f627b-65bf-5a7b-a515-445b1b9ed22e,record,remoteok,https://remoteOK.com/remote-jobs/remote-consultant-implementation-engineer-harbor-1136987,2026-08-28 21:38:35.840926+05:45,Harbor,,0.75,,0.1.0,Remote OK — link to the original Remote OK job page.
f37c1c9f-06ce-5256-bb9d-43d18be0a8c4,company,5c85cdd7-016f-509e-9bc8-386da0637c8c,record,remoteok,https://remoteOK.com/remote-jobs/remote-oracle-fusion-cloud-lead-logistics-supply-chain-management-tessera-labs-1137155,2026-08-28 21:38:35.836927+05:45,Tessera Labs,,0.75,,0.1.0,Remote OK — link to the original Remote OK job page.
6bfd180d-2f43-5695-8c27-960f8ba61038,company,688165fb-8d0d-501d-ad04-0f96f56a55cd,record,remotive,https://remotive.com/remote-jobs/marketing/head-of-marketing-communications-2091068,2026-08-28 21:38:32.023543+05:45,garden3d,,0.75,,0.1.0,Remotive — link back to the Remotive listing; feed is delayed by 24 hours.
81b4e8c3-22c9-5516-9e7f-126ce8cba5a4,company,78f63ee3-b6a4-50ca-816b-4bff785e5a73,record,remotive,https://remotive.com/remote-jobs/information-technology/tier-iii-service-desk-engineer-2091045,2026-08-28 21:38:32.023543+05:45,Unio Digital,,0.75,,0.1.0,Remotive — link back to the Remotive listing; feed is delayed by 24 hours.
adb04cb0-ec07-5286-b95a-6e6c8a5ca5c6,company,7e341da1-4a26-5bc4-9efe-f55c4ab45941,record,remoteok,https://remoteOK.com/remote-jobs/remote-retail-store-associate-rowan-1137073,2026-08-28 21:38:35.838926+05:45,Rowan,,0.75,,0.1.0,Remote OK — link to the original Remote OK job page.
ea9b3d53-ac4e-5387-8574-8c3e712f16d3,company,9c7d6feb-7b0e-5472-b403-74e70c96a576,record,remoteok,https://remoteOK.com/remote-jobs/remote-desarrollador-full-stack-kruger-nearshore-llc-rekluti-1137062,2026-08-28 21:38:35.838926+05:45,Kruger NearShore LLC - Rekluti,,0.75,,0.1.0,Remote OK — link to the original Remote OK job page.
91a1dfc2-75bc-5761-b457-4f0138767582,company,9d1677a9-570c-596c-8723-60e98b9328e2,record,remoteok,https://remoteOK.com/remote-jobs/remote-baker-day-loblaw-companies-limited-1136999,2026-08-28 21:38:35.840926+05:45,Loblaw Companies Limited,,0.75,,0.1.0,Remote OK — link to the original Remote OK job page.
9b5b273b-8692-5136-8967-94e0ff0667cd,company,a9532837-25e6-5339-a8bb-443d4f1cc9f5,record,remoteok,https://remoteOK.com/remote-jobs/remote-estimator-linsco-ltd-1137060,2026-08-28 21:38:35.839926+05:45,Linsco Ltd,,0.75,,0.1.0,Remote OK — link to the original Remote OK job page.
e70bb9b9-4ffe-583b-a0a8-7b230ff91ce0,company,b591ac1a-8c85-56fe-9f9c-f7ea3bdf1ea6,record,remotive,https://remotive.com/remote-jobs/software-development/tech-lead-full-stack-rails-engineer-2069746,2026-08-28 21:38:32.023543+05:45,Mitre Media,,0.75,,0.1.0,Remotive — link back to the Remotive listing; feed is delayed by 24 hours.
dddbb999-8c24-5ebb-9997-8830b4251da5,company,b8b6ae96-edb1-5d91-93c5-bfeb52572ff7,record,remoteok,https://remoteOK.com/remote-jobs/remote-general-interest-position-coogee-chemicals-1137166,2026-08-28 21:38:35.836927+05:45,Coogee Chemicals,,0.75,,0.1.0,Remote OK — link to the original Remote OK job page.
28e010d0-da9c-5890-b1d0-7e616cba52e1,company,bb092bc5-11ab-5680-ad8a-247e2717a21a,record,remotive,https://remotive.com/remote-jobs/software-development/senior-data-engineer-2091097,2026-08-28 21:38:32.023543+05:45,Lemon.io,,0.75,,0.1.0,Remotive — link back to the Remotive listing; feed is delayed by 24 hours.
4312d831-947a-5a73-9a04-527a536cedd2,company,bb092bc5-11ab-5680-ad8a-247e2717a21a,record,remotive,https://remotive.com/remote-jobs/design/senior-graphic-designer-2091081,2026-08-28 21:38:32.023543+05:45,Lemon.io,,0.75,,0.1.0,Remotive — link back to the Remotive listing; feed is delayed by 24 hours.
62c38e29-9c49-534e-bac5-5d0327522b17,company,bb092bc5-11ab-5680-ad8a-247e2717a21a,record,remotive,https://remotive.com/remote-jobs/software-development/senior-golang-developer-2091098,2026-08-28 21:38:32.023543+05:45,Lemon.io,,0.75,,0.1.0,Remotive — link back to the Remotive listing; feed is delayed by 24 hours.
8382125a-1c4f-57c6-8d5e-6894c650441d,company,bb092bc5-11ab-5680-ad8a-247e2717a21a,record,remotive,https://remotive.com/remote-jobs/software-development/senior-qa-engineer-2091100,2026-08-28 21:38:32.023543+05:45,Lemon.io,,0.75,,0.1.0,Remotive — link back to the Remotive listing; feed is delayed by 24 hours.
d7e9d6ab-1db8-5b74-ab9b-c5723b697748,company,bb092bc5-11ab-5680-ad8a-247e2717a21a,record,remotive,https://remotive.com/remote-jobs/devops/senior-devops-engineer-2091099,2026-08-28 21:38:32.023543+05:45,Lemon.io,,0.75,,0.1.0,Remotive — link back to the Remotive listing; feed is delayed by 24 hours.
779d7a7f-8616-50b6-b9cb-9e9ce09fb5f3,company,c60faedc-2304-504e-8ecb-88655d4dc40e,record,remoteok,https://remoteOK.com/remote-jobs/remote-dtp-operator-jobtrade-1137099,2026-08-28 21:38:35.838926+05:45,JobTrade,,0.75,,0.1.0,Remote OK — link to the original Remote OK job page.
005a4ed6-cdef-5bf3-8bbd-d5cc381ca1f1,company,c76159de-34fc-5ea0-b65d-eb9bb94655a8,record,remoteok,https://remoteOK.com/remote-jobs/remote-beauty-merchandiser-shoppers-drug-mart-1137055,2026-08-28 21:38:35.839926+05:45,Shoppers Drug Mart,,0.75,,0.1.0,Remote OK — link to the original Remote OK job page.
05508b83-ad1d-56d0-99d9-40482c8bbdee,company,c76159de-34fc-5ea0-b65d-eb9bb94655a8,record,remoteok,https://remoteOK.com/remote-jobs/remote-post-office-manager-shoppers-drug-mart-1137063,2026-08-28 21:38:35.839926+05:45,Shoppers Drug Mart,,0.75,,0.1.0,Remote OK — link to the original Remote OK job page.
077baaae-cdaa-519c-8588-4848ceac91db,company,db2b7971-00cd-5f7e-9ab6-f09614cadedc,record,remoteok,https://remoteOK.com/remote-jobs/remote-estimator-reed-1137146,2026-08-28 21:38:35.837926+05:45,Reed,,0.75,,0.1.0,Remote OK — link to the original Remote OK job page.
f5fb3872-ea62-589a-8b65-49a29ba4c532,company,e0cdc8f2-808a-5fd9-bc00-b6f8f8a733d0,record,remotive,https://remotive.com/remote-jobs/sales/inside-sales-contractor-2086540,2026-08-28 21:38:32.023543+05:45,"Credit Wellness, LLC",,0.75,,0.1.0,Remotive — link back to the Remotive listing; feed is delayed by 24 hours.
84d05911-f977-55a5-a9b2-4c89b07c35ba,company,e406603f-9eb9-55d1-947d-fe66a87c6ac6,record,remoteok,https://remoteOK.com/remote-jobs/remote-senior-backend-engineer-build-ai-agents-salesforge-1137114,2026-08-28 21:38:35.837926+05:45,Salesforge,,0.75,,0.1.0,Remote OK — link to the original Remote OK job page.
2c9ae80c-6baf-5fa8-895e-d4a29af70d26,company,e68b3172-3665-5ffb-adfc-952ab4143214,record,remotive,https://remotive.com/remote-jobs/all-others/vice-president-technology-digital-strategy-2091104,2026-08-28 21:38:32.023543+05:45,Shatterproof,,0.75,,0.1.0,Remotive — link back to the Remotive listing; feed is delayed by 24 hours.
b0bbcafd-deaa-5536-b5ac-ba626ecd0d30,company,fa98db09-e9f4-5e3b-824b-d9876e821352,record,remoteok,https://remoteOK.com/remote-jobs/remote-people-director-sisal-hub-albania-1137175,2026-08-28 21:38:35.835922+05:45,Sisal Hub Albania,,0.75,,0.1.0,Remote OK — link to the original Remote OK job page.
1a2047f3-8ed8-550a-bd09-ae3734bcfe0f,job,065e3adb-40ab-587d-b2c5-266c27d98479,record,remoteok,https://remoteOK.com/remote-jobs/remote-estimator-linsco-ltd-1137060,2026-08-28 21:38:35.839926+05:45,"Estimator | Dronfield,",,0.35,,0.1.0,Remote OK — link to the original Remote OK job page.
c291d455-1d20-52ff-b480-0d02a00ac98e,job,076a61c6-5bde-5b5b-892c-b6dcef2a7368,record,remoteok,https://remoteOK.com/remote-jobs/remote-oracle-fusion-cloud-lead-logistics-supply-chain-management-tessera-labs-1137155,2026-08-28 21:38:35.836927+05:45,Oracle Fusion Cloud Lead â Logistics & Supply Chain Management | Worldwide,,0.95,,0.1.0,Remote OK — link to the original Remote OK job page.
687ef393-f6ac-563e-b4da-7a9eb62ccb2f,job,09fd74a1-086c-5191-ac01-f1b6405fe462,record,remoteok,https://remoteOK.com/remote-jobs/remote-senior-governance-risk-and-compliance-analyst-rainfocus-1137061,2026-08-28 21:38:35.838926+05:45,"Senior Governance Risk and Compliance Analyst | Orem, UT",,0.35,,0.1.0,Remote OK — link to the original Remote OK job page.
b6847748-0688-5a62-aa71-114cb1de9af9,job,172c9ada-b801-5d14-b6cf-bf2581a303c8,record,remoteok,https://remoteOK.com/remote-jobs/remote-people-director-sisal-hub-albania-1137175,2026-08-28 21:38:35.835922+05:45,"People Director | Tirana,",,0.35,,0.1.0,Remote OK — link to the original Remote OK job page.
b85027c1-37c8-598a-9ef7-d4cd55b43cce,job,2dd71f88-5b58-51d3-8b50-f86904305275,record,remotive,https://remotive.com/remote-jobs/software-development/senior-qa-engineer-2091100,2026-08-28 21:38:32.023543+05:45,Senior QA Engineer | Europe,,0.65,,0.1.0,Remotive — link back to the Remotive listing; feed is delayed by 24 hours.
95380eb7-4351-5262-999a-b8b1c9262d46,job,3b6fd25e-3636-57b8-b956-a3a675662a81,record,remotive,https://remotive.com/remote-jobs/sales/sales-jedi-2091088,2026-08-28 21:38:32.023543+05:45,Sales Jedi | Europe,,0.95,,0.1.0,Remotive — link back to the Remotive listing; feed is delayed by 24 hours.
705882be-3506-5371-af5c-bae4d268fdf2,job,46f535e0-8418-5616-af1e-82892b97fcff,record,remoteok,https://remoteOK.com/remote-jobs/remote-estimator-brisbane-mcnab-1137047,2026-08-28 21:38:35.839926+05:45,"Estimator Brisbane | West End,",,0.35,,0.1.0,Remote OK — link to the original Remote OK job page.
95c9164a-5aaf-5423-8cea-47ee707257ed,job,487631fb-1fe9-5f10-9850-76f472f09301,record,remoteok,https://remoteOK.com/remote-jobs/remote-ap-accountant-bosta-1137124,2026-08-28 21:38:35.837926+05:45,"AP Accountant | Maadi,",,0.35,,0.1.0,Remote OK — link to the original Remote OK job page.
41a537c2-b393-5207-8d21-b3a7a3b9d077,job,4ad2003a-78de-5cbf-871d-835f335fb3c8,record,remoteok,https://remoteOK.com/remote-jobs/remote-post-office-manager-shoppers-drug-mart-1137063,2026-08-28 21:38:35.839926+05:45,"Post Office Manager | Kitchener,",,0.35,,0.1.0,Remote OK — link to the original Remote OK job page.
c6f5b4a6-8b18-5e70-80f7-68fc01be8387,job,4de654e7-3a74-5839-85f1-1b54332df5a6,record,remoteok,https://remoteOK.com/remote-jobs/remote-desarrollador-full-stack-kruger-nearshore-llc-rekluti-1137062,2026-08-28 21:38:35.838926+05:45,DESARROLLADOR FULL STACK | Worldwide,,0.95,,0.1.0,Remote OK — link to the original Remote OK job page.
00bedf9e-2cd2-5d2f-b217-9fd4017da328,job,5613acc9-fb9f-5c92-9e4a-00c5387b61db,record,remotive,https://remotive.com/remote-jobs/software-development/tech-lead-full-stack-rails-engineer-2069746,2026-08-28 21:38:32.023543+05:45,"Tech Lead Full-Stack Rails Engineer | USA, Canada, USA timezones",,0.35,,0.1.0,Remotive — link back to the Remotive listing; feed is delayed by 24 hours.
bc2429e0-f6c5-5918-a9b1-896343e7da67,job,5669e4e4-3239-59ab-88c0-9a373cdcaa74,record,remoteok,https://remoteOK.com/remote-jobs/remote-beauty-merchandiser-shoppers-drug-mart-1137055,2026-08-28 21:38:35.839926+05:45,"Beauty merchandiser | Kingston,",,0.35,,0.1.0,Remote OK — link to the original Remote OK job page.
a56292a6-85c5-5554-b154-fe952a3125da,job,56e6e825-f48c-5100-90c6-df3337edbf6f,record,remotive,https://remotive.com/remote-jobs/software-development/senior-independent-ai-engineer-architect-1919266,2026-08-28 21:38:32.023543+05:45,"Senior Independent AI Engineer / Architect | Americas, Europe, Israel",,0.65,,0.1.0,Remotive — link back to the Remotive listing; feed is delayed by 24 hours.
844f436b-4ea3-554c-b56e-dd5542b32d1a,job,57006d6d-9e6e-57f7-ab71-5fab34ce504c,record,remoteok,https://remoteOK.com/remote-jobs/remote-senior-specialist-global-qms-orca-bio-1137072,2026-08-28 21:38:35.838926+05:45,Senior Specialist Global QMS | Worldwide,,0.95,,0.1.0,Remote OK — link to the original Remote OK job page.
fbcf2e6a-b228-56f1-89a2-ef034f7dae6f,job,5a29404c-796f-5a25-a4e7-dac51b3aae30,record,remoteok,https://remoteOK.com/remote-jobs/remote-project-systems-specialist-dart-1137069,2026-08-28 21:38:35.839926+05:45,"Project Systems Specialist | George Town,",,0.35,,0.1.0,Remote OK — link to the original Remote OK job page.
e7401005-a5e6-5f8d-aedc-042cb80242f0,job,62f3e3e0-260a-5e0f-bafd-3c407a53a86d,record,remotive,https://remotive.com/remote-jobs/marketing/head-of-marketing-communications-2091068,2026-08-28 21:38:32.023543+05:45,Head of Marketing & Communications | Worldwide,,0.95,,0.1.0,Remotive — link back to the Remotive listing; feed is delayed by 24 hours.
511f4d5e-cadc-5d97-9db7-60cae13d6fe0,job,646546f9-3be3-55ce-bcff-48b751c10eda,record,remoteok,https://remoteOK.com/remote-jobs/remote-estimator-reed-1137146,2026-08-28 21:38:35.837926+05:45,"Estimator | Warrington,",,0.35,,0.1.0,Remote OK — link to the original Remote OK job page.
dd290ce1-d9e2-5c39-95fe-fe182d431974,job,6bc96fb9-8ce9-5e30-bf92-b4db76c84b2c,record,remotive,https://remotive.com/remote-jobs/all-others/content-reviewer-english-us-2091105,2026-08-28 21:38:32.023543+05:45,Content Reviewer - English US | USA,,0.65,,0.1.0,Remotive — link back to the Remotive listing; feed is delayed by 24 hours.
78182cd7-6790-5877-ad26-5a856eb56f14,job,6cb5ec39-aeda-5158-a740-57fd25ea6e33,record,remoteok,https://remoteOK.com/remote-jobs/remote-trimmer-canopy-growth-corporation-1136997,2026-08-28 21:38:35.840926+05:45,"Trimmer | Tiverton,",,0.35,,0.1.0,Remote OK — link to the original Remote OK job page.
23a63eca-04ee-5460-a0ba-9dce46a2856c,job,731a508e-c908-53cc-aa86-ca41ebeca26c,record,remoteok,https://remoteOK.com/remote-jobs/remote-dtp-operator-jobtrade-1137099,2026-08-28 21:38:35.838926+05:45,"DTP Operator | Guwahati,",,0.35,,0.1.0,Remote OK — link to the original Remote OK job page.
c7fe1ba2-01b3-520b-b569-b89cef079cf9,job,77dc09a9-b55f-5768-afc3-29628c987495,record,remoteok,https://remoteOK.com/remote-jobs/remote-senior-backend-engineer-build-ai-agents-salesforge-1137114,2026-08-28 21:38:35.837926+05:45,Senior Backend Engineer Build AI Agents | Worldwide,,0.95,,0.1.0,Remote OK — link to the original Remote OK job page.
282c9d9d-ed0a-571a-9001-c526b50e699b,job,7d2cb118-7ac6-5979-8e61-c38e391dc54b,record,remoteok,https://remoteOK.com/remote-jobs/remote-general-interest-position-coogee-chemicals-1137166,2026-08-28 21:38:35.836927+05:45,"General Interest Position | Kwinana Beach,",,0.35,,0.1.0,Remote OK — link to the original Remote OK job page.
eb48ab8c-bc07-5932-8c25-6602c2b1ccdb,job,8b501e1b-a2c5-5f5b-b5f1-d4963ed11956,record,remotive,https://remotive.com/remote-jobs/software-development/senior-independent-software-developer-1919265,2026-08-28 21:38:32.023543+05:45,"Senior Independent Software Developer | Americas, Europe, Israel",,0.35,,0.1.0,Remotive — link back to the Remotive listing; feed is delayed by 24 hours.
f647cfe8-659d-5ea4-88dc-94e69437f52e,job,90c76436-cc4f-56eb-93df-6807993e9e6e,record,remotive,https://remotive.com/remote-jobs/customer-service/saas-product-support-jedi-2091087,2026-08-28 21:38:32.023543+05:45,"SaaS Product Support Jedi | Europe, EMEA, UK, Germany, France, European timezones",,0.35,,0.1.0,Remotive — link back to the Remotive listing; feed is delayed by 24 hours.
9a34330e-3208-5d5e-992d-fc9799240443,job,968667f8-4bda-517c-919b-c2d792f96ee2,record,remotive,https://remotive.com/remote-jobs/devops/senior-devops-engineer-2091099,2026-08-28 21:38:32.023543+05:45,"Senior DevOps Engineer | LATAM, Europe, USA, Canada, APAC",,0.65,,0.1.0,Remotive — link back to the Remotive listing; feed is delayed by 24 hours.
786f31c0-9bb1-5adc-8dcc-c23e5511754b,job,97fa8f52-4d0c-5eee-ae27-aaee87057228,record,remotive,https://remotive.com/remote-jobs/writing/freelance-copywriter-1749306,2026-08-28 21:38:32.023543+05:45,Freelance Copywriter | Worldwide,,0.95,,0.1.0,Remotive — link back to the Remotive listing; feed is delayed by 24 hours.
7d4fb52a-4e17-5764-9582-444ca23122ca,job,9d67cf09-89fe-5257-97fe-625aaa86104d,record,remotive,https://remotive.com/remote-jobs/all-others/vice-president-technology-digital-strategy-2091104,2026-08-28 21:38:32.023543+05:45,"Vice President, Technology & Digital Strategy | USA",,0.35,,0.1.0,Remotive — link back to the Remotive listing; feed is delayed by 24 hours.
31011752-adbd-532d-b2e4-ce34afb12c27,job,a09afd67-1e08-594d-93b6-753fe508c41d,record,remotive,https://remotive.com/remote-jobs/design/senior-graphic-designer-2091081,2026-08-28 21:38:32.023543+05:45,"Senior Graphic Designer | Americas, Europe, Asia, Africa, Oceania",,0.95,,0.1.0,Remotive — link back to the Remotive listing; feed is delayed by 24 hours.
37bca493-b58d-5124-90e1-a14345515f5b,job,a0b0a892-23da-5a4e-a675-03fec83591ab,record,remotive,https://remotive.com/remote-jobs/information-technology/tier-iii-service-desk-engineer-2091045,2026-08-28 21:38:32.023543+05:45,Tier III Service Desk Engineer | Worldwide,,0.95,,0.1.0,Remotive — link back to the Remotive listing; feed is delayed by 24 hours.
bd0fa4cf-f2a4-54f7-9a5b-c4379ffad921,job,a54ab1ee-b379-508c-abf5-3b701a202d8e,record,remotive,https://remotive.com/remote-jobs/software-development/senior-data-engineer-2091097,2026-08-28 21:38:32.023543+05:45,"Senior Data Engineer | LATAM, Europe, USA, Canada, APAC",,0.65,,0.1.0,Remotive — link back to the Remotive listing; feed is delayed by 24 hours.
a41aa9bc-6689-5687-b3b4-5c36dd409822,job,abaeaa80-6bed-59fe-b9ff-bcf7494e382b,record,remoteok,https://remoteOK.com/remote-jobs/remote-retail-store-associate-rowan-1137073,2026-08-28 21:38:35.838926+05:45,"Retail Store Associate | Chicago, IL",,0.35,,0.1.0,Remote OK — link to the original Remote OK job page.
8b309911-7d2c-526b-9363-d36e4c1231b3,job,bcc6c88c-782a-52a6-87c4-f71a846b56da,record,remoteok,https://remoteOK.com/remote-jobs/remote-principal-engineer-the-ai-whistleblower-initiative-1137162,2026-08-28 21:38:35.836927+05:45,Principal Engineer | Worldwide,,0.95,,0.1.0,Remote OK — link to the original Remote OK job page.
14a5b837-16ed-5390-9590-222a291e6baa,job,c2ed53c5-a284-5d6d-b5c8-5ff2c7739a22,record,remoteok,https://remoteOK.com/remote-jobs/remote-sourcer-private-destinations-royal-caribbean-group-1137172,2026-08-28 21:38:35.836927+05:45,"Sourcer Private Destinations | Nassau,",,0.35,,0.1.0,Remote OK — link to the original Remote OK job page.
462ff1ad-239d-58a9-b8f8-af2cfb94df6d,job,c8c606d7-2f37-5a6e-b9d8-e4a468cf5985,record,remotive,https://remotive.com/remote-jobs/marketing/remote-office-assistant-1680495,2026-08-28 21:38:32.023543+05:45,Remote Office Assistant | Worldwide,,0.95,,0.1.0,Remotive — link back to the Remotive listing; feed is delayed by 24 hours.
a8f29870-8431-58ae-bffd-f617c512ac60,job,e0153d3c-192b-577b-a883-f061c23a73f0,record,remoteok,https://remoteOK.com/remote-jobs/remote-consultant-implementation-engineer-harbor-1136987,2026-08-28 21:38:35.840926+05:45,Consultant Implementation Engineer | Remote,,0.65,,0.1.0,Remote OK — link to the original Remote OK job page.
e18b2fc1-4789-5bab-a724-d455c24cc7d2,job,e7b88f18-9973-5fde-8740-3fc9349d9c30,record,remotive,https://remotive.com/remote-jobs/sales/inside-sales-contractor-2086540,2026-08-28 21:38:32.023543+05:45,Inside Sales Contractor | Worldwide,,0.95,,0.1.0,Remotive — link back to the Remotive listing; feed is delayed by 24 hours.
495cb5e3-df38-5a51-839e-fd0dc9a61808,job,f2d702b2-2002-581b-acef-67be8ae68260,record,remotive,https://remotive.com/remote-jobs/software-development/senior-golang-developer-2091098,2026-08-28 21:38:32.023543+05:45,"Senior Golang Developer | Europe, USA, UK, Canada, Australia, Singapore",,0.65,,0.1.0,Remotive — link back to the Remotive listing; feed is delayed by 24 hours.
8c801b75-9245-561d-b0ec-580c794f4bab,job,fae34363-fc45-558c-805b-91325c4401be,record,remoteok,https://remoteOK.com/remote-jobs/remote-baker-day-loblaw-companies-limited-1136999,2026-08-28 21:38:35.840926+05:45,"Baker Day | Edmonton,",,0.35,,0.1.0,Remote OK — link to the original Remote OK job page.
0a914f19-58f1-54e2-97d2-95254de0c6c5,job,ffe22118-8ea8-5e45-9c37-c915e0d9e07d,record,remoteok,https://remoteOK.com/remote-jobs/remote-quantity-surveyor-edspired-tech-1137098,2026-08-28 21:38:35.838926+05:45,"Quantity Surveyor | Vijayawada,",,0.35,,0.1.0,Remote OK — link to the original Remote OK job page.
